new_bos,locked
1,1
2,1
3,1
4,1
5,0
8,1
9,0
10,1
11,1
13,1
15,1
16,1
17,0
18,1
20,1
22,1
24,1
29,1
30,1
31,1
32,1
33,1
34,0
38,0
39,1
40,1
43,1
45,1
46,1
51,1
52,1
53,1
54,1
55,1
56,1
57,1
58,1
59,1
62,1
63,1
65,1
66,0
68,1
69,1
71,1
73,1
74,1
75,1
76,0
77,1
79,0
80,1
82,1
84,1
85,1
87,1
89,0
93,0
94,1
97,1
98,1
99,1
102,1
103,1
104,1
105,1
107,1
109,1
111,1
114,1
117,1
118,1
120,1
121,1
122,1
123,1
124,1
125,1
126,1
127,0
128,1
130,1
131,1
132,0
134,0
135,0
136,1
137,1
138,1
140,0
141,1
142,1
144,1
145,1
148,1
149,1
150,1
152,0
153,1
155,1
158,0
160,1
162,1
164,0
167,1
168,1
169,1
170,1
172,0
174,1
175,1
176,0
177,1
180,1
182,1
183,1
185,1
187,1
191,1
194,1
195,1
203,1
205,1
206,1
207,1
208,1
209,1
211,1
212,1
215,1
218,1
219,1
220,1
223,1
225,1
272,1
361,0
363,0
367,0
368,1
369,0
370,1
373,1
382,1
383,1
384,1
385,1
386,1
387,1
388,1
389,1
390,1
391,0
392,1
394,1
395,1
396,1
397,0
398,1
399,1
400,0
401,1
406,0
407,1
408,1
410,1
411,1
416,1
417,1
418,0
419,1
420,1
421,1
422,1
423,1
424,1
425,1
426,0
427,1
428,1
429,1
430,1
431,1
432,1
433,1
436,1
438,1
439,1
440,1
445,1
449,0
450,1
451,1
453,1
454,1
455,1
456,1
459,1
460,1
461,1
463,0
464,1
465,1
467,1
469,0
475,1
487,1
489,1
500,1
505,1
522,1
524,1
529,1
531,1
532,1
539,1
552,1
553,1
554,1
555,1
557,1
563,1
576,1
582,1
602,1
603,1
604,0
605,1
609,1
615,1
620,1
622,1
628,1
630,1
632,1
640,1
641,1
644,1
645,1
646,0
654,1
655,1
659,1
661,1
667,1
668,1
671,1
690,1
707,1
710,0
716,0
719,1
722,1
724,1
728,1
731,1
732,1
733,1
735,1
741,1
744,1
746,0
747,1
748,1
753,1
754,1
755,1
759,0
761,0
765,1
769,1
771,1
772,1
777,1
779,1
780,1
781,1
782,1
783,1
784,1
785,1
786,1
801,0
802,1
803,1
804,1
807,1
809,1
812,1
813,1
814,0
815,1
821,1
824,0
831,1
832,1
833,1
834,1
835,1
837,1
838,1
841,1
842,1
846,1
853,1
858,1
865,1
867,1
868,0
869,0
870,1
874,1
879,0
885,1
886,1
887,0
889,1
890,1
892,0
896,1
897,1
899,1
903,1
906,1
908,1
912,1
913,1
914,0
917,1
918,1
919,1
920,1
921,0
922,0
925,0
926,1
944,1
945,1
948,1
950,1
951,1
958,0
964,1
965,1
966,1
967,1
969,1
971,0
974,1
975,1
977,1
978,1
979,1
985,1
988,1
1000,0
1003,1
1006,0
1007,1
1011,1
1012,1
1013,0
1015,1
1018,1
1019,1
1020,1
1022,0
1024,0
1026,0
1027,1
1028,1
1034,0
1037,1
1038,1
1045,1
1046,1
1053,1
1058,1
1059,0
1060,1
1062,1
1063,1
1066,1
1068,1
1069,1
1070,1
1071,0
1072,1
1074,1
1075,1
1081,0
1082,1
1084,0
1085,1
1087,1
1088,0
1095,1
1096,0
1097,1
1105,1
1109,1
1110,1
1111,1
1112,1
1115,1
1116,1
1118,1
1123,1
1125,1
1131,1
1148,0
1152,0
1153,1
1154,1
1155,1
1159,0
1162,1
1163,1
1165,0
1167,1
1173,1
1178,1
1185,1
1189,0
1190,1
1191,1
1192,1
1193,1
1194,1
1195,1
1199,1
1200,1
1204,0
1205,0
1208,1
1209,1
1217,1
1218,1
1220,0
1221,1
1226,0
1229,1
1230,1
1232,1
1236,1
1240,1
1244,1
1245,1
1251,1
1254,1
1256,1
1257,1
1263,1
1264,1
1265,1
1268,1
1269,1
1270,1
1273,1
1280,1
1281,1
1286,0
1287,1
1289,1
1293,1
1297,1
1298,1
1299,1
1310,1
1311,1
1312,1
1313,1
1315,1
1322,1
1334,1
1336,1
1338,1
1345,1
1347,1
1348,1
1350,1
1356,1
1365,1
1367,1
1368,0
1376,0
1385,1
1390,1
1392,1
1393,1
1395,1
1398,1
1400,1
1402,1
1403,1
1411,1
1413,1
1415,1
1421,1
1425,1
1428,1
1429,1
1431,1
1447,1
1452,0
1455,1
1458,1
1461,1
1462,1
1464,1
1466,1
1467,1
1468,1
1471,1
1474,1
1475,1
1483,0
1484,1
1488,1
1491,1
1493,1
1498,1
1499,1
1503,1
1504,1
1507,1
1511,1
1515,1
1518,1
1519,1
1520,1
1521,1
1522,1
1523,1
1524,1
1528,1
1537,1
1538,1
1539,1
1540,1
1541,1
1544,1
1545,1
1548,1
1557,1
1558,0
1561,1
1570,1
1571,1
1572,1
1573,1
1577,1
1579,1
1586,0
1587,1
1589,1
1591,1
1592,0
1602,1
1603,1
1606,0
1616,1
1618,1
1619,1
1627,1
1628,1
1629,1
1630,0
1640,0
1647,1
1654,1
1655,1
1656,1
1657,1
1662,0
1679,1
1687,1
1698,1
1702,1
1717,1
1719,0
1732,1
1736,1
1737,1
1741,1
1745,1
1758,1
1766,1
1770,1
1791,1
1795,1
1827,1
1828,1
1837,1
1839,1
1851,0
1864,1
1865,1
1866,0
1875,1
1885,1
1902,1
1907,1
1913,0
1922,1
1925,1
1929,1
1935,1
1936,1
1941,1
1944,1
1945,1
1951,1
1962,1
1966,1
1968,1
1970,1
1971,1
1974,1
1980,1
1986,1
1990,1
1993,1
1994,1
1995,1
2006,1
2012,1
2015,1
2019,1
2024,1
2027,1
2033,1
2036,1
2037,1
2044,1
2057,1
2058,1
2059,1
2062,1
2064,1
2081,1
2088,1
2090,1
2101,1
2103,1
2104,1
2106,1
2112,1
2114,0
2115,1
2124,1
2125,1
2130,1
2132,0
2133,1
2142,1
2148,1
2153,1
2154,1
2156,1
2161,1
2162,1
2163,1
2164,1
2165,1
2166,1
2169,1
2172,1
2177,1
2179,1
2187,1
2188,1
2189,1
2190,1
2199,1
2209,1
2214,1
2215,1
2216,1
2225,1
2226,1
2227,0
2230,1
2237,1
2242,1
2243,1
2244,1
2245,1
2246,1
2247,1
2251,1
2255,1
2256,1
2262,1
2263,1
2266,1
2279,1
2281,1
2286,1
2300,1
2304,1
2306,0
2307,1
2313,1
2321,1
2329,1
2335,0
2336,1
2337,1
2338,1
2340,1
2341,1
2342,1
2348,1
2349,1
2350,1
2352,1
2353,1
2359,1
2360,1
2361,1
2362,1
2379,1
2382,1
2387,1
2391,1
2393,1
2394,1
2395,1
2396,1
2397,1
2415,1
2416,0
2417,1
2418,1
2422,1
2425,1
2437,0
2440,1
2441,1
2442,1
2443,1
2447,1
2455,1
2476,1
2477,1
2489,1
2502,1
2503,1
2504,0
2508,1
2514,0
2515,1
2521,1
2522,1
2523,1
2527,1
2528,1
2529,1
2530,1
2531,1
2538,1
2540,1
2542,1
2544,1
2545,1
2546,1
2547,1
2550,1
2552,1
2573,1
2574,1
2575,1
2580,1
2581,1
2583,1
2587,1
2590,1
2591,1
2592,1
2604,1
2605,1
2606,1
2609,1
2610,1
2616,1
2617,1
2619,1
2621,1
2625,1
2627,1
2628,1
2630,1
2639,1
2640,1
2641,1
2642,1
2643,1
2647,1
2648,1
2649,1
2650,1
2655,1
2656,1
2658,1
2659,1
2661,1
2665,1
2666,1
2667,1
2675,1
2677,1
2679,1
2683,1
2685,1
2687,1
2690,1
2691,1
2692,1
2693,1
2694,1
2697,1
2700,1
2701,1
2705,0
2707,1
2708,1
2712,1
2713,1
2715,1
2716,1
2717,1
2718,1
2720,1
2722,1
2725,1
2726,1
2729,1
2730,1
2731,1
2732,1
2733,1
2734,1
2735,1
2739,1
2740,1
2748,1
2749,1
2751,1
2752,1
2754,1
2755,1
2756,1
2758,0
2759,1
2760,1
2762,1
2763,1
2772,0
2774,1
2775,1
2780,1
2781,1
2784,1
2786,1
2788,1
2789,1
2790,1
2792,1
2793,1
2795,0
2796,1
2798,1
2800,1
2801,1
2802,1
2805,1
2808,1
2809,1
2810,1
2812,1
2814,1
2815,1
2816,1
2817,1
2818,1
2820,1
2821,1
2822,1
2823,1
2824,1
2825,1
2826,1
2828,1
2836,1
2837,1
2844,1
2845,1
2846,1
2849,1
2850,1
2859,1
2861,1
2862,1
2868,1
2870,1
2871,1
2874,1
2877,1
2878,1
2879,1
2880,1
2884,1
2889,1
2893,1
2901,1
2903,1
2906,0
2907,1
2908,1
2911,1
2913,1
2914,1
2917,0
2918,1
2920,1
2924,1
2927,0
2928,1
2935,1
2936,1
2938,1
2939,0
2941,1
2942,1
2943,1
2944,0
2947,1
2948,0
2949,1
2952,1
2957,1
2972,1
2990,1
2991,1
2994,1
2997,1
3019,1
3023,1
3025,1
3027,1
3042,1
3045,1
3046,1
3048,1
3051,1
3053,1
3060,1
3068,1
3083,1
3084,1
3085,1
3089,1
3090,1
3091,0
3104,0
3108,1
3118,1
3127,1
3128,1
3130,1
3132,1
3138,1
3146,1
3149,0
3153,1
3154,1
3159,1
3170,1
3171,1
3172,1
3174,1
3177,1
3178,1
3179,1
3188,1
3191,1
3204,1
3206,1
3207,1
3213,1
3219,1
3221,1
3225,1
3230,1
3234,1
3245,1
3249,1
3250,1
3251,1
3255,1
3256,1
3258,1
3261,1
3267,1
3276,1
3284,1
3288,1
3290,1
3293,1
3294,1
3303,1
3305,1
3309,1
3311,1
3312,1
3315,1
3319,1
3328,1
3331,1
3343,1
3345,1
3354,1
3358,1
3359,1
3363,1
3368,1
3371,1
3374,1
3383,1
3391,1
3395,1
3398,1
3399,1
3401,1
3403,0
3404,1
3408,1
3411,1
3413,1
3419,1
3422,1
3423,1
3431,1
3433,1
3438,0
3442,1
3445,1
3446,1
3447,1
3455,1
3457,1
3461,1
3463,1
3464,1
3471,1
3472,1
3480,1
3483,1
3489,1
3496,1
3502,1
3504,1
3505,1
3506,1
3509,1
3514,1
3516,0
3519,1
3520,1
3521,1
3523,1
3524,1
3525,1
3526,1
3528,1
3534,1
3538,1
3542,1
3546,1
3549,1
3550,1
3551,1
3557,1
3558,1
3559,1
3560,1
3564,1
3565,1
3572,1
3575,1
3576,1
3579,1
3580,1
3585,1
3588,1
3590,1
3591,1
3596,1
3598,1
3600,1
3606,1
3607,1
3609,1
3610,1
3614,1
3615,1
3616,1
3618,1
3622,1
3629,1
3630,1
3634,0
3635,1
3644,1
3652,1
3664,1
3667,1
3669,1
3677,1
3680,1
3683,1
3684,1
3687,1
3688,1
3691,1
3700,1
3702,1
3703,1
3706,1
3708,1
3709,1
3710,1
3711,1
3713,1
3727,1
3731,1
3732,1
3733,1
3740,1
3747,1
3748,1
3751,1
3753,0
3754,1
3756,1
3760,1
3761,1
3762,1
3771,1
3772,1
3781,1
3782,1
3783,1
3785,1
3788,1
3790,1
3791,1
3809,1
3810,1
3811,1
3815,1
3819,1
3823,1
3826,1
3827,0
3828,1
3830,1
3831,1
3842,0
3847,1
3855,1
3860,1
3861,1
3862,1
3866,1
3867,1
3870,1
3871,1
3875,1
3882,1
3884,1
3886,1
3890,0
3891,1
3894,1
3895,0
3900,1
3908,1
3910,1
3911,0
3917,1
3918,1
3920,1
3921,1
3927,1
3929,1
3931,0
3936,1
3937,1
3948,1
3949,1
3950,1
3953,1
3962,1
3971,1
3976,1
3989,1
3990,1
4007,1
4008,1
4009,1
4012,1
4017,1
4020,1
4024,1
4027,1
4029,1
4030,1
4032,1
4033,1
4045,1
4047,0
4048,1
4053,1
4063,1
4064,0
4065,1
4066,0
4068,1
4069,1
4080,1
4081,1
4083,1
4086,0
4089,1
4092,0
4102,1
4105,1
4118,1
4120,1
4121,1
4128,0
4146,1
4147,1
4148,1
4167,1
4169,1
4172,1
4175,1
4178,1
4180,1
4182,1
4187,1
4191,1
4195,1
4197,0
4204,1
4205,1
4218,1
4221,0
4225,1
4230,1
4234,1
4241,1
4248,0
4252,1
4253,1
4264,1
4268,1
4269,1
4291,1
4305,1
4311,0
4312,1
4341,1
4344,1
4349,0
4351,1
4373,1
4374,1
4375,1
4380,1
4382,1
4396,0
4397,1
4403,0
4408,1
4409,1
4410,1
4415,1
4422,0
4423,1
4434,0
4439,1
4442,1
4452,1
4461,0
4473,1
4500,1
4503,1
4517,1
4518,1
4527,1
4528,1
4544,1
4549,1
4550,1
4594,1
4605,1
4607,1
4612,1
4613,1
4623,1
4632,0
4634,1
4641,1
4648,1
4651,1
4657,1
4659,1
4662,1
4664,1
4668,1
4672,1
4673,1
4674,1
4693,1
4697,1
4701,1
4706,1
4715,1
4716,1
4717,1
4720,1
4721,1
4722,1
4728,0
4736,1
4737,1
4743,1
4748,1
4754,1
4766,0
4773,1
4789,1
4796,1
4810,0
4813,1
4814,1
4816,1
4819,0
4826,1
4831,1
4836,1
4837,1
4838,1
4848,1
4855,1
4856,1
4857,1
4859,0
4870,1
4878,1
4879,1
4887,1
4894,1
4898,0
4909,1
4920,0
4926,1
4927,1
4931,0
4935,1
4941,0
4942,1
4953,1
4961,1
4963,0
4969,1
4970,1
4976,1
4978,1
4979,1
4983,1
4984,1
4985,0
4991,1
4993,1
4994,1
4998,1
5000,1
5003,1
5004,0
5005,1
5007,1
5025,1
5028,1
5030,1
5036,1
5037,0
5038,1
5039,1
5040,1
5051,1
5054,1
5056,1
5057,1
5059,1
5063,1
5064,1
5065,0
5066,1
5067,1
5071,0
5075,1
5080,0
5083,1
5087,0
5089,0
5090,1
5091,1
5093,1
5094,1
5103,0
5109,1
5115,1
5120,0
5124,1
5125,1
5133,1
5135,1
5136,1
5139,1
5147,1
5149,1
5152,1
5160,1
5168,1
5169,1
5174,1
5180,1
5183,1
5184,1
5189,1
5191,1
5196,1
5197,1
5221,1
5222,0
5228,1
5229,1
5230,0
5234,1
5237,1
5248,1
5253,1
5254,1
5257,0
5261,1
5263,1
5265,1
5266,1
5273,0
5275,1
5278,1
5279,1
5283,1
5285,1
5293,1
5295,1
5297,1
5299,1
5300,0
5301,1
5302,1
5303,1
5307,1
5308,0
5310,1
5311,0
5312,1
5313,1
5314,1
5316,1
5317,0
5318,1
5319,1
5321,1
5322,1
5323,0
5326,1
5330,0
5331,1
5333,0
5335,1
5336,0
5337,1
5339,0
5340,1
5341,0
5346,1
5347,1
5348,1
5349,1
5350,0
5351,0
5354,0
5355,1
5356,1
5357,1
5358,1
5359,1
5360,0
5364,1
5365,1
5366,1
5367,1
5368,1
5369,1
5371,1
5372,1
5373,1
5374,1
5375,0
5377,0
5378,1
5383,1
5384,1
5385,1
5390,1
5392,1
5393,0
5394,1
5397,0
5398,1
5401,1
5402,1
5403,1
5408,0
5412,0
5416,1
5420,0
5421,0
5422,1
5424,0
5426,1
5429,0
5430,1
5431,1
5433,1
5434,1
5435,1
5436,0
5437,1
5438,0
5439,1
5440,1
5443,1
5444,1
5445,1
5448,1
5450,1
5451,1
5453,1
5454,0
5455,0
5458,1
5459,1
5462,1
5464,1
5468,1
5472,0
5473,1
5476,1
5477,1
5478,1
5479,1
5481,1
5483,1
5484,0
5488,0
5489,0
5490,1
5491,1
5496,0
5497,1
5498,0
5499,0
5508,1
5509,1
5511,1
5515,1
5516,1
5521,1
5525,0
5530,1
5535,1
5536,1
5537,1
5544,0
5546,1
5550,1
5553,1
5554,0
5563,1
5567,1
5571,1
5576,1
5580,1
5586,1
5588,1
5589,0
5592,1
5595,0
5596,1
5604,1
5605,1
5608,1
5609,1
5611,1
5614,0
5617,0
5622,0
5627,1
5628,1
5630,1
5634,1
5635,1
5636,1
5639,1
5643,1
5644,0
5645,1
5646,1
5647,0
5648,1
5649,0
5650,1
5651,1
5652,1
5653,1
5654,0
5655,1
5656,1
5657,0
5658,0
5659,0
5660,1
5661,1
5662,1
5663,1
5664,1
5665,0
5666,1
5667,1
5668,1
5669,1
5670,1
5671,1
5672,0
5673,0
5674,0
5675,1
5676,1
5677,1
5678,1
5679,1
5680,1
5681,0
5682,0
5683,1
5684,1
5685,1
5686,0
5687,1
5688,1
5689,1
5690,1
5691,1
5692,1
5693,1
5694,1
5695,1
5696,1
5697,1
5698,1
5699,1
5700,0
5701,1
5702,1
5707,1
5709,1
5714,1
5717,0
5718,1
5721,1
5724,1
5727,1
5728,1
5743,1
5745,1
5746,1
5747,1
5748,1
5752,1
5754,0
5764,1
5769,1
5770,1
5773,0
5781,1
5785,1
5786,1
5787,1
5788,0
5789,1
5790,1
5791,0
5793,1
5794,0
5795,0
5797,1
5799,1
5800,1
5802,1
5803,1
5804,0
5806,1
5807,1
5808,1
5809,1
5810,1
5811,1
5812,1
5813,1
5814,0
5815,1
5816,1
5817,1
5818,1
5819,1
5820,1
5830,1
5838,1
5840,1
5844,0
5846,1
5847,1
5856,1
5858,1
5860,1
5861,1
5868,0
5873,1
5874,1
5876,1
5880,1
5885,1
5886,0
5889,0
5890,1
5903,1
5904,1
5905,1
5906,0
5911,1
5912,1
5913,1
5914,1
5917,1
5918,1
5919,1
5923,0
5924,1
5925,1
5927,1
5928,1
5929,0
5930,1
5932,1
5937,1
5938,1
5939,1
5942,1
5947,1
5948,0
5949,1
5952,1
5954,1
5961,1
5962,1
5964,1
5970,0
5974,0
5975,1
5976,0
5979,1
5980,1
5986,1
5992,1
5998,0
6001,1
6002,1
6003,0
6005,0
6007,1
6008,1
6010,1
6012,1
6015,1
6016,1
6017,0
6023,1
6026,1
6034,1
6035,1
6037,1
6038,1
6042,1
6043,1
6051,1
6052,0
6053,1
6055,1
6056,0
6058,0
6060,1
6066,1
6068,1
6073,1
6077,1
6078,0
6079,1
6080,1
6081,1
6083,1
6086,1
6094,1
6097,1
6098,0
6100,1
6101,1
6102,1
6103,0
6104,1
6126,0
6129,1
6130,1
6134,1
6135,0
6136,1
6137,0
6141,1
6144,1
6145,1
6146,1
6151,1
6153,0
6155,1
6157,1
6158,1
6160,1
6164,1
6167,0
6168,0
6169,1
6171,1
6172,0
6174,1
6175,0
6176,1
6177,1
6178,1
6182,1
6186,1
6187,1
6188,1
6189,1
6190,1
6191,1
6192,1
6193,1
6194,1
6199,1
6200,1
6204,1
6205,0
6207,0
6208,1
6211,1
6223,1
6224,1
6225,1
6229,1
6230,1
6234,1
6235,1
6237,1
6241,1
6243,1
6244,1
6246,1
6250,1
6251,0
6257,1
6260,1
6261,1
6266,1
6269,0
6270,1
6273,1
6277,0
6278,0
6282,1
6283,1
6288,1
6289,1
6292,1
6293,1
6294,1
6296,1
6297,1
6300,1
6301,1
6302,1
6304,1
6305,1
6307,0
6308,1
6309,1
6312,1
6317,1
6321,0
6323,1
6329,0
6330,1
6331,1
6338,1
6339,1
6341,1
6350,0
6351,1
6352,1
6354,1
6390,0
6391,1
6394,1
6395,0
6396,1
6397,0
6398,1
6399,1
6400,1
6401,1
6402,1
6403,1
6404,1
6405,1
6406,1
6407,0
6408,1
6409,1
6410,1
6411,1
6412,1
6413,1
6414,1
6415,0
6416,0
6417,1
6424,0
6426,1
6427,1
6428,1
6429,1
6430,0
6431,1
6433,1
6443,1
6449,1
6461,1
6462,1
6463,0
6467,1
6468,1
6474,1
6481,1
6490,1
6493,1
6500,0
6501,1
6504,1
6505,1
6506,1
6509,1
6511,0
6513,1
6521,1
6530,1
6531,1
6533,1
6536,1
6539,1
6542,1
6543,1
6545,1
6546,1
6548,1
6550,1
6554,1
6567,1
6572,1
6573,1
6574,1
6578,1
6582,1
6586,1
6587,1
6588,1
6589,1
6592,1
6593,1
6600,0
6602,1
6609,1
6611,0
6615,1
6619,1
6620,1
6624,1
6625,0
6626,1
6627,1
6629,0
6630,1
6632,1
6642,1
6646,1
6650,1
6651,1
6652,1
6653,1
6662,1
6667,1
6668,0
6674,1
6675,1
6676,1
6680,1
6684,1
6685,1
6686,1
6687,1
6688,1
6690,1
6694,1
6697,1
6703,1
6704,0
6707,1
6708,1
6713,1
6715,1
6719,1
6721,1
6722,1
6723,1
6726,1
6730,1
6731,1
6732,1
6733,0
6735,1
6743,1
6744,0
6745,1
6748,1
6749,1
6751,1
6753,1
6755,0
6758,1
6762,1
6767,0
6770,1
6771,1
6772,0
6775,1
6776,1
6777,1
6779,1
6781,0
6783,1
6784,0
6785,1
6787,1
6790,1
6799,1
6800,1
6801,1
6802,0
6804,1
6808,1
6809,1
6811,0
6817,1
6818,1
6823,0
6826,1
6827,1
6830,0
6831,1
6832,1
6833,1
6841,0
6844,1
6846,1
6856,1
6858,1
6866,1
6867,0
6876,1
6879,1
6880,1
6881,1
6882,0
6890,1
6891,1
6901,1
6903,1
6908,1
6909,1
6913,1
6914,1
6916,1
6918,0
6920,1
6922,1
6923,1
6925,0
6926,1
6927,0
6928,1
6930,0
6931,1
6932,1
6935,0
6936,1
6941,1
6942,1
6943,1
6946,1
6947,1
6953,1
6955,1
6957,1
6958,1
6959,1
6960,1
6962,1
6964,0
6967,0
6968,0
6970,1
6972,1
6974,0
6978,1
6979,0
6981,1
6993,0
6995,1
6997,1
6998,1
6999,1
7000,1
7005,1
7007,1
7008,0
7013,1
7027,1
7041,1
7044,1
7047,1
7060,1
7065,1
7068,1
7069,0
7076,1
7080,1
7081,0
7082,1
7084,1
7087,0
7096,1
7097,0
7098,1
7102,0
7105,1
7108,1
7111,0
7112,1
7129,1
7132,1
7138,1
7139,1
7152,1
7156,1
7158,1
7161,1
7164,1
7165,1
7166,1
7172,0
7173,1
7174,1
7182,1
7184,1
7185,1
7188,0
7189,1
7195,0
7204,1
7207,0
7212,1
7213,1
7214,0
7215,1
7218,1
7219,1
7223,0
7227,1
7237,1
7241,1
7244,1
7245,1
7246,0
7247,1
7248,1
7250,1
7255,1
7262,1
7264,1
7267,1
7269,1
7271,0
7272,1
7275,1
7276,0
7283,1
7284,0
7286,1
7287,1
7290,1
7292,1
7294,1
7297,1
7298,1
7299,1
7302,1
7304,1
7312,1
7313,1
7314,0
7328,1
7329,0
7330,0
7332,1
7333,1
7335,0
7336,1
7340,1
7341,0
7348,1
7350,1
7352,0
7354,0
7363,0
7364,1
7372,1
7373,1
7374,1
7382,1
7383,1
7384,1
7385,0
7391,1
7400,0
7402,1
7404,1
7406,0
7407,1
7408,1
7410,1
7414,1
7416,1
7417,1
7418,1
7422,1
7426,1
7428,1
7431,1
7435,0
7438,1
7440,0
7445,1
7449,0
7454,1
7456,1
7457,1
7464,0
7465,1
7466,1
7472,1
7474,1
7482,1
7486,1
7488,1
7489,1
7490,1
7491,0
7492,1
7493,1
7496,1
7497,0
7499,1
7507,1
7508,1
7510,1
7513,0
7520,1
7521,1
7530,0
7532,1
7539,0
7540,1
7541,0
7542,1
7545,1
7549,1
7553,1
7554,1
7555,1
7560,1
7561,0
7565,0
7573,1
7574,0
7579,1
7580,1
7590,1
7593,1
7594,1
7597,1
7598,1
7599,1
7604,0
7606,1
7607,1
7608,1
7616,1
7618,0
7619,0
7621,0
7622,1
7623,1
7624,1
7627,1
7628,1
7631,1
7633,1
7639,0
7642,0
7643,1
7644,0
7645,1
7647,1
7648,1
7650,1
7653,1
7658,1
7659,0
7660,1
7668,1
7670,0
7673,1
7677,1
7678,0
7688,0
7690,0
7691,1
7694,1
7695,1
7696,0
7697,1
7698,1
7701,0
7707,1
7709,1
7711,1
7712,1
7713,1
7714,1
7722,1
7723,1
7725,0
7728,1
7730,1
7736,1
7738,0
7739,0
7743,1
7744,1
7747,1
7749,1
7753,1
7754,1
7756,0
7757,1
7760,1
7761,1
7762,1
7763,0
7765,0
7766,1
7767,0
7768,1
7769,1
7770,1
7772,1
7774,1
7775,1
7776,1
7778,1
7780,1
7781,1
7783,1
7785,1
7786,1
7788,0
7789,1
7790,1
7794,1
7795,0
7798,0
7808,1
7809,1
7811,1
7813,1
7819,0
7820,1
7821,1
7822,1
7825,0
7858,1
7866,1
7868,1
7870,1
7871,1
7877,1
7878,1
7880,1
7886,1
7887,1
7894,1
7895,0
7900,0
7901,1
7902,1
7903,1
7909,0
7910,1
7912,1
7914,1
7916,1
7921,1
7924,0
7925,1
7926,1
7928,1
7929,1
7930,1
7931,1
7934,1
7936,1
7937,1
7944,1
7945,0
7946,0
7947,1
7949,1
7950,0
7953,1
7956,0
7958,1
7967,1
7968,1
7973,1
7984,1
7985,1
7988,0
8004,1
8007,1
8008,0
8011,0
8015,0
8016,1
8021,1
8031,1
8035,1
8036,0
8039,1
8054,0
8058,0
8060,1
8061,1
8062,1
8065,0
8074,0
8075,1
8076,1
8078,1
8079,1
8080,0
8081,1
8085,1
8090,1
8091,1
8093,1
8094,0
8096,1
8099,1
8103,1
8104,1
8109,1
8115,1
8117,0
8121,1
8123,1
8124,1
8126,1
8130,1
8131,1
8136,1
8141,1
8143,1
8144,0
8150,1
8154,1
8156,1
8157,1
8158,1
8160,1
8162,0
8164,1
8165,1
8176,1
8177,0
8179,1
8185,1
8186,0
8189,1
8192,1
8193,0
8198,1
8199,1
8200,1
8201,1
8205,1
8210,0
8211,1
8212,1
8214,1
8221,1
8223,1
8225,1
8227,1
8234,1
8235,1
8236,1
8237,1
8239,1
8241,0
8244,1
8245,1
8246,1
8247,1
8254,0
8255,0
8258,1
8263,1
8264,0
8265,1
8266,1
8273,1
8274,1
8276,1
8277,1
8286,1
8301,1
8302,1
8307,1
8309,1
8310,0
8321,1
8323,1
8331,1
8335,1
8336,1
8337,1
8338,0
8340,1
8344,1
8345,1
8350,1
8355,1
8356,0
8358,1
8361,1
8366,1
8370,1
8376,0
8378,1
8380,1
8385,0
8397,0
8401,0
8405,0
8416,1
8417,0
8428,1
8429,1
8432,0
8435,1
8439,1
8445,1
8446,0
8447,0
8448,0
8449,1
8454,0
8458,1
8460,1
8461,1
8462,0
8465,0
8470,1
8472,1
8474,1
8481,1
8482,0
8483,0
8486,1
8487,1
8490,0
8491,1
8494,1
8504,0
8505,1
8508,1
8510,0
8511,0
8512,1
8513,1
8514,1
8517,1
8518,1
8519,1
8531,0
8532,0
8533,1
8537,0
8540,0
8541,0
8542,0
8543,1
8547,1
8548,1
8554,1
8555,1
8556,1
8558,1
8560,1
8567,0
8568,1
8570,1
8571,1
8572,1
8573,1
8574,1
8580,1
8586,0
8587,0
8588,0
8590,0
8591,0
8592,1
8594,1
8595,1
8596,1
8597,1
8600,1
8604,1
8606,1
8611,1
8620,1
8629,0
8630,1
8634,1
8635,0
8644,1
8652,0
8654,1
8655,1
8656,1
8663,1
8683,1
8684,1
8688,0
8691,1
8692,1
8693,1
8694,1
8695,0
8699,1
8700,1
8704,1
8705,0
8715,0
8719,1
8723,1
8728,1
8729,1
8730,1
8731,1
8735,1
8739,1
8740,1
8748,0
8752,1
8753,0
8754,1
8760,0
8761,1
8763,0
8773,1
8775,1
8777,1
8778,1
8779,0
8780,1
8789,1
8790,1
8794,1
8795,1
8796,1
8800,1
8801,1
8802,1
8803,0
8807,1
8809,1
8810,1
8812,1
8819,0
8830,1
8831,1
8835,0
8838,1
8840,1
8841,1
8842,1
8843,0
8844,1
8847,0
8848,1
8849,0
8860,1
8869,1
8870,1
8871,1
8877,1
8880,1
8881,1
8884,1
8885,1
8892,1
8893,0
8894,1
8895,1
8897,1
8899,1
8906,C
8907,1
8914,1
8915,1
8916,1
8921,1
8923,1
8924,1
8925,1
8927,1
8932,1
8934,0
8941,0
8947,0
8948,0
8949,1
8952,1
8953,1
8954,1
8962,1
8963,1
8964,0
8965,0
8966,1
8968,1
8969,1
8973,1
8974,1
8975,1
8978,1
8979,1
8980,1
8982,0
8983,1
8989,1
8995,0
8996,1
8997,1
9000,1
9003,1
10006,0
10008,1
10009,0
10012,1
10013,1
10017,1
10028,1
10030,1
10034,1
10040,1
10052,1
10055,0
10057,1
10072,1
10076,1
10077,1
10081,0
10082,1
10083,1
10085,1
10086,1
10090,0
10094,1
10097,0
10098,0
10104,1
10107,1
10108,0
10109,1
10113,1
10114,1
10115,1
10119,1
10133,1
10134,1
10149,1
10152,1
10156,1
10168,1
10171,1
10173,1
10174,1
10175,1
10176,1
10185,0
10186,1
10187,1
10188,1
10195,1
10198,1
10199,1
10208,0
10209,0
10210,1
10211,1
10220,1
10234,0
10235,1
10263,1
10264,1
10266,1
10270,1
10271,0
10274,1
10275,1
10282,1
10283,1
10284,1
10285,1
10289,0
10298,1
10305,0
10308,0
10315,0
10316,0
10321,0
10322,1
10325,1
10326,1
10333,1
10335,1
10337,0
10348,1
10356,1
10370,0
10371,0
10385,1
10393,1
10401,0
10427,0
10443,1
10446,0
10449,1
10458,1
10465,0
10466,1
10472,0
10481,0
10485,1
10486,0
10487,1
10488,1
10490,0
10492,1
10494,1
10502,1
10505,0
10506,0
10517,1
10525,0
10532,1
10533,0
10541,1
10549,1
10556,1
10561,0
10574,0
10576,1
10580,1
10599,0
10605,1
10606,1
10611,1
10618,0
10633,1
10634,0
10637,0
10640,1
10641,1
10650,0
10652,0
10660,1
10663,0
10664,1
10670,0
10678,0
10687,0
10709,1
10712,1
10714,0
10720,0
10723,1
10734,0
10738,0
10741,1
10749,0
10750,0
10763,1
10783,1
10793,1
10804,1
10817,1
10831,0
10835,0
10837,0
10846,0
10851,1
10853,0
10865,0
10871,1
10875,1
10878,0
10884,0
10888,0
10891,0
10896,1
10900,1
10901,0
10903,0
10904,1
10906,0
10908,0
10912,1
10919,1
10925,1
10926,0
10927,0
10937,0
10942,1
10948,1
10960,0
10973,0
10974,0
10975,1
10976,0
10984,0
10996,0
10997,0
11001,1
11008,0
11010,1
11015,1
11018,0
11019,0
11020,0
11028,0
11033,1
11035,0
11050,1
11053,0
11055,0
11056,1
11057,0
11058,0
11060,0
11066,0
11072,1
11073,1
11085,1
11086,0
11104,1
11107,0
11118,1
11125,0
11126,1
11132,0
11135,0
11136,0
11137,0
11141,1
11153,0
11154,1
11158,0
11179,0
11182,0
11188,0
11198,1
11199,1
11206,1
11220,0
11229,1
11230,0
11231,0
11239,0
11240,0
11250,0
11251,1
11255,0
11258,1
11269,1
11280,0
11281,0
11282,0
11296,1
11297,0
11313,0
11328,1
11344,0
11349,1
11351,1
11352,1
11359,0
11360,0
11370,0
11379,0
11380,0
11382,0
11391,0
11403,0
11416,1
11417,0
11419,0
11423,1
11424,0
11436,0
11437,1
11454,1
11486,1
11492,0
11493,1
11494,1
11495,0
11496,0
11497,0
11498,0
11499,0
11500,1
11501,0
11508,0
11511,0
11515,0
11525,0
11564,0
11565,0
11566,1
11567,0
11569,0
11576,0
11578,1
11588,0
11589,0
11590,1
11591,1
11592,1
11593,1
11594,0
11604,1
11605,1
11652,0
11653,0
11654,1
11655,0
11660,0
11678,0
11737,0
11748,0
11757,0
11790,0
11794,1
11808,0
11812,0
11813,0
11844,0
11849,0
11850,0
11857,0
11910,0
11936,0
11955,0
11986,0
11996,0
12035,0
12040,0
12055,0
12068,0
12094,0
12098,0
12099,0
12118,0
12119,0
12157,1
12180,0
12183,0
12199,0
12200,0
12203,0
12244,0
12246,0
12265,1
12281,0
12286,0
12318,0
12332,0
12337,0
12347,0
12367,0
12368,0
12370,0
12375,0
12376,1
12377,1
12378,0
12452,0
12466,0
12467,0
12491,0
12573,0
12580,0
12601,0
12627,1
12647,0
12648,0
12649,0
12650,1
12651,0
12653,0
12687,1
12758,0
12808,0
12811,0
12812,1
12878,0
12879,0
12880,0
12881,1
12882,0
12883,1
12885,1
12956,0
12992,0
13009,0
13010,0
13062,0
13066,0
13073,1
13103,0
13253,0
13289,0
13329,0
13330,1
13331,0
13346,0
13409,0
13425,0
13427,0
13516,0
13520,0
13521,0
13532,0
13534,0
13558,1
13583,0
13590,0
13596,0
13613,0
13621,0
13623,0
13635,1
13648,0
13649,1
13664,0
13744,0
13772,0
13779,0
13802,1
13803,0
13804,1
13805,0
13806,1
13820,0
13822,1
13823,1
13826,1
13844,0
13892,0
13893,0
13895,0
13896,1
13899,0
13907,1
13919,0
13920,0
13927,0
13928,0
13936,1
13943,0
13944,0
13945,0
13950,0
13958,1
13972,0
13974,0
13975,1
13977,1
13978,0
13979,0
13983,0
13986,0
13992,0
13996,0
14023,0
14027,0
14028,0
14059,0
14060,0
14101,1
14102,0
14103,0
14104,0
14105,0
14106,0
14107,1
14108,0
14109,1
14110,0
14111,1
14146,1
14161,1
14187,1
14189,1
14195,0
14197,0
14202,0
14208,1
14210,0
14222,0
14223,0
14262,0
14264,1
14285,0
14292,0
14302,0
14307,0
14314,0
14315,0
14318,0
14321,1
14330,0
14331,0
14333,1
14335,0
14336,0
14340,0
14347,0
14348,0
14359,0
14364,0
14365,0
14366,0
14373,0
14375,0
14376,0
14377,0
14379,0
14386,0
14387,1
14388,0
14389,0
14390,0
14391,0
14392,0
14394,0
14395,0
14409,0
14410,0
14418,0
14419,1
14420,0
14424,0
14425,0
14426,0
14427,0
14428,1
14430,0
14432,1
14433,0
14434,0
14435,1
14436,0
14438,1
14439,0
14440,0
14441,0
14442,1
14443,1
14444,1
14445,1
14446,1
14447,0
14448,0
14449,0
14450,0
14451,1
14452,1
14453,0
14454,0
14455,0
14456,0
14457,0
14458,0
14459,1
14460,1
14461,0
14462,0
14463,1
14465,1
14466,0
14467,0
14468,1
14469,1
14470,1
14471,0
14473,0
14475,0
14478,1
14479,1
14480,1
14481,1
14482,0
14483,1
14484,1
14486,1
14487,0
14488,1
14489,0
14490,0
14491,1
14492,1
14494,1
14496,0
14497,0
14499,0
14500,0
14501,1
14508,0
14509,0
14512,1
14514,1
14516,1
14517,1
14518,0
14519,0
14520,1
14521,0
14523,0
14524,0
14525,1
14526,1
14527,0
14528,0
14530,1
14531,0
14532,1
14533,1
14536,0
14537,0
14538,0
14539,1
14541,0
14549,0
14552,0
14553,1
14554,0
14555,0
14556,0
14557,1
14558,0
14559,0
14560,0
14561,1
14562,0
14564,0
14565,0
14566,0
14569,1
14570,1
14571,1
14572,0
14573,0
14576,0
14578,0
14579,0
14580,0
14581,0
14584,0
14585,0
14586,0
14587,1
14588,0
14589,0
14590,0
14594,0
14595,1
14596,0
14597,1
14598,1
14599,1
14600,1
14601,1
14602,0
14603,0
14606,1
14608,1
14609,0
14612,0
14613,1
14614,0
14615,0
14616,0
14617,0
14618,0
14619,0
14620,0
14621,0
14622,0
14623,0
14624,0
14625,1
14626,0
14627,0
14628,0
14629,0
14630,0
14633,0
14635,0
14636,1
14637,0
14638,1
14639,1
14640,1
14641,0
14642,0
14644,0
14645,0
14656,1
14657,1
14658,0
14659,0
14661,0
14662,1
14663,1
14664,0
14665,0
14666,0
14667,0
14668,1
14669,0
14670,0
14671,0
14673,1
14674,1
14675,1
14680,0
14681,0
14682,0
14683,1
14684,0
14685,0
14686,0
14687,1
14688,1
14690,0
14691,0
14693,1
14694,1
14695,1
14697,0
14698,0
14699,0
14701,0
14705,0
14706,0
14708,0
14709,0
14710,1
14712,0
14713,0
14714,0
14715,0
14717,1
14721,1
14722,1
14723,0
14724,1
14725,1
14726,1
14728,1
14729,0
14730,1
14731,1
14732,0
14733,1
14742,0
14743,1
14744,0
14745,0
14746,0
14747,0
14748,1
14749,0
14750,1
14751,1
14753,0
14764,0
14765,0
14768,1
14769,0
14770,0
14772,0
14773,0
14774,1
14780,1
14783,0
14784,1
14786,1
14787,0
14788,0
14791,0
14792,0
14793,0
14795,0
14797,0
14798,1
14799,0
14800,0
14802,1
14803,0
14805,0
14806,0
14807,0
14808,0
14810,0
14812,0
14813,1
14814,0
14816,0
14818,1
14819,0
14820,1
14822,0
14823,0
14825,1
14826,0
14827,0
14828,0
14829,1
14830,0
14832,0
14833,0
14834,0
14837,0
14838,0
14840,0
14842,1
14843,1
14850,0
14852,1
14853,1
14854,1
14864,1
14865,1
14866,1
14867,1
14868,0
14869,1
14870,0
14871,0
14873,0
14875,1
14876,1
14877,1
14878,1
14879,0
14882,0
14884,1
14885,0
14886,0
14888,1
14889,0
14891,1
14893,1
14897,1
14898,0
14901,0
14902,1
14906,0
14907,1
14908,1
14910,1
14914,1
14915,1
14916,0
14919,1
14920,1
14921,0
14922,1
14926,1
14931,0
14934,1
14935,1
14937,0
14939,1
14940,0
14941,0
14943,0
14945,1
14946,0
14947,1
14948,0
14951,1
14952,0
14953,1
14954,1
14961,0
14962,1
14963,0
14964,1
14966,1
14967,0
14968,0
14969,0
14970,1
14971,0
14974,0
14975,1
14976,0
14977,0
14979,1
14980,1
14981,0
14982,1
14983,1
14984,1
14986,1
14987,1
14989,0
14991,1
14992,0
14993,0
14994,0
14995,0
14998,0
14999,1
15005,0
15008,1
15010,1
15011,0
15016,1
15017,1
15018,0
15019,1
15020,1
15021,0
15024,1
15025,1
15028,1
15029,0
15032,1
15034,1
15035,1
15037,1
15038,1
15039,1
15040,0
15043,0
15044,1
15046,0
15049,1
15051,1
15057,0
15058,1
15061,0
15065,0
15066,0
15067,1
15068,1
15069,0
15070,0
15071,0
15074,1
15075,0
15076,0
15077,1
15078,1
15082,0
15084,1
15085,0
15086,1
15090,1
15091,0
15092,0
15093,1
15096,0
15098,0
15099,0
15104,1
15105,1
15108,1
15109,1
15110,1
15112,1
15113,1
15116,0
15117,0
15118,0
15120,0
15121,0
15123,1
15124,0
15128,0
15130,1
15132,0
15134,1
70000,1
70001,1
70002,1
70003,1
70004,1
70005,1
70006,1
70007,1
70008,1
70009,1
70010,0
70011,0
70012,1
70013,1
70014,1
70015,1
70016,0
70017,1
70018,1
70019,1
70020,0
70021,1
70022,1
70023,0
100361,0
100401,0
200000,1
200001,1
200002,1
200003,1
200004,0
200005,0
200006,0
200007,1
200008,0
200009,1
200010,1
200011,1
200012,1
200013,1
200014,1
200015,1
200016,1
200017,1
200018,0
200019,0
200020,1
200021,1
200022,1
200023,1
200024,1
200025,0
200026,0
200027,0
200028,0
200029,0
200030,1
200031,0
200032,1
200033,1
200034,1
200035,1
200036,0
200037,1
200038,1
200039,1
200040,1
200041,1
200042,1
200043,1
200044,1
200045,1
200046,0
200047,1
200048,0
200049,1
200050,1
200051,1
200052,1
200053,1
200054,1
200055,1
200056,1
200057,1
200058,1
200059,1
200060,1
200061,1
200062,1
200063,1
200064,0
200065,1
200066,1
200067,0
200068,1
200069,0
200070,0
200071,0
200072,1
200073,0
200074,1
200075,0
200076,1
200077,1
200078,0
200079,1
200080,1
200081,1
200082,1
200083,0
200084,1
200085,1
200086,0
200087,0
200088,1
200089,1
200090,0
200091,0
200092,1
200093,1
200094,1
200095,1
200096,0
200097,1
200098,1
200099,1
200100,1
200101,1
200102,1
200103,1
200104,1
200105,1
200106,0
200107,1
200108,1
200109,0
200110,0
200111,0
200112,1
200113,0
200114,0
200115,1
200116,1
200117,1
200118,1
200119,0
200120,0
200121,0
200122,1
200123,1
200124,1
200125,1
200126,1
200127,1
200128,1
200129,1
200130,1
200131,1
200132,0
200133,0
200134,1
200135,1
200136,1
200137,1
200138,1
200139,1
200140,0
200141,1
200142,1
200143,1
200144,0
200145,1
200146,1
200147,0
200148,1
200149,0
200150,1
200151,0
200152,1
200153,1
200154,0
200155,1
200156,0
200157,1
200158,0
200159,1
200160,1
200161,1
200162,1
200163,0
200164,0
200165,1
200166,1
200167,1
200168,1
200169,1
200170,1
200171,1
200172,1
200173,1
200174,1
200175,1
200176,0
200177,0
200178,0
200179,1
200180,1
200181,1
200182,1
200183,1
200184,1
200185,0
200186,0
200187,0
200188,0
200189,0
200190,1
200191,1
200192,1
200193,1
200194,1
200195,0
200196,0
200197,0
200198,0
200199,0
200200,1
200201,1
200202,1
200203,0
200204,0
200205,1
200206,1
200207,1
200208,0
200209,1
200210,0
200211,0
200212,1
200213,1
200214,0
200215,1
200216,1
200217,1
200218,1
200219,1
200220,1
200221,1
200222,1
200223,0
200224,0
200225,1
200226,1
200227,1
200228,1
200229,0
200230,1
200231,1
200232,1
200233,0
200234,1
200235,1
200236,1
200237,1
200238,1
200239,1
200240,1
200241,1
200242,1
200243,1
200244,1
200245,1
200246,1
200247,1
200248,1
200249,1
200250,1
200251,1
200252,1
200253,1
200254,1
200255,1
200256,1
200257,1
200258,1
200259,1
200260,1
200261,1
200262,1
200263,1
200264,1
200265,1
200266,1
200267,1
200268,1
200269,0
200270,1
200271,1
200272,1
200273,1
200274,1
200275,1
200276,1
200277,1
200278,1
200279,1
200280,1
200281,1
200282,1
200283,1
200284,1
200285,1
200286,1
200287,1
200288,0
200289,1
200290,0
200291,1
200292,1
200293,1
200294,1
200295,0
200296,1
200297,1
200298,0
200299,0
200300,1
200301,0
200302,0
200303,1
200304,0
200305,0
200306,1
200307,0
200308,1
200309,1
200310,1
200311,0
200312,1
200313,1
200314,1
200315,1
200316,1
200317,0
200318,0
200319,0
200320,0
200321,1
200322,1
200323,1
200324,1
200325,0
200326,0
200327,1
200328,1
200329,1
200330,1
200331,1
200332,0
200333,0
200334,1
200335,1
200336,0
200337,1
200338,1
200339,0
200340,0
200341,0
200342,0
200343,0
200344,1
200345,1
200346,1
200347,1
200348,1
200349,0
200350,1
200351,0
200352,1
200353,0
200354,1
200355,1
200356,1
200357,0
200358,0
200359,1
200360,1
200361,1
200362,1
200363,1
200364,1
200365,1
200366,1
200367,1
200368,1
200369,1
200370,1
200371,1
200372,1
200373,1
200374,1
200375,0
200376,1
200377,0
200378,0
200379,0
200380,1
200381,1
200382,1
200383,1
200384,1
200385,0
200386,0
200387,0
200388,1
200389,1
200390,1
200391,1
200392,1
200393,0
200394,0
200395,1
200396,1
200397,1
200398,0
200399,0
200400,1
200401,0
200402,1
200403,0
200404,1
200405,1
200406,1
200407,0
200408,0
200409,1
200410,1
200411,1
200412,1
200413,1
200414,0
200415,0
200416,0
200417,1
200418,1
200419,1
200420,1
200421,0
200422,1
200423,1
200424,1
200425,0
200426,1
200427,0
200428,1
200429,1
200430,1
200431,1
200432,1
200433,1
200434,1
200435,1
200436,1
200437,0
200438,1
200439,1
200440,1
200441,0
200442,1
200443,1
200444,1
200445,1
200446,1
200447,0
200448,1
200449,1
200450,0
200451,1
200452,0
200453,0
200454,1
200455,1
200456,1
200457,0
200458,1
200459,1
200460,1
200461,1
200462,1
200463,1
200464,0
200465,1
200466,1
200467,0
200468,0
200469,1
200470,1
200471,1
200472,0
200473,1
200474,0
200475,1
200476,0
200477,1
200478,1
200479,1
200480,1
200481,0
200482,1
200483,0
200484,1
200485,1
200486,0
200487,0
200488,0
200489,0
200490,1
200491,1
200492,1
200493,1
200494,0
200495,0
200496,0
200497,0
200498,0
200499,0
200500,1
200501,0
200502,1
200503,1
200504,1
200505,1
200506,1
200507,1
200508,1
200509,1
200510,1
200511,1
200512,1
200513,1
200514,1
200515,0
200516,1
200517,0
200518,1
200519,1
200520,0
200521,1
200522,0
200523,1
200524,1
200525,1
200526,1
200527,1
200528,1
200529,1
200530,1
200531,1
200532,1
200533,1
200534,1
200535,1
200536,1
200537,0
200538,1
200539,1
200540,1
200541,1
200542,1
200543,0
200544,1
200545,0
200546,1
200547,1
200548,1
200549,1
200550,1
200551,1
200552,1
200553,1
200554,1
200555,0
200556,0
200557,0
200558,0
200559,0
200560,0
200561,0
200562,0
200563,0
200564,0
200565,0
200566,1
200567,1
200568,1
200569,0
200570,1
200571,1
200572,1
200573,1
200574,1
200575,1
200576,0
200577,1
200578,1
200579,1
200580,1
200581,1
200582,1
200583,1
200584,1
200585,1
200801,0
200830,0
200933,1
200934,0
200935,0
200936,0
200937,0
200938,1
200939,1
200940,1
200941,1
200942,1
200943,1
200944,1
200945,1
200946,0
200947,1
200948,1
200949,0
200950,1
200951,1
200952,1
200953,1
200954,0
200955,1
200956,1
200957,1
200961,1
200962,1
200963,0
200964,0
200965,1
200966,1
200974,0
200979,1
200980,1
200988,1
200991,0
200992,0
200993,1
200994,0
200999,1
201001,0
201003,1
201004,0
201005,0
201006,0
201009,1
201012,1
201013,0
201015,0
201016,0
201017,0
201018,0
201019,0
201020,1
201021,0
201022,0
201023,0
201024,0
201025,0
201026,0
201027,0
201039,0
201040,1
201041,1
201029,0
15143,1
15146,1
15147,1
15148,0
201031,0
201032,0
201033,0
15151,0
15152,0
15153,0
15154,0
15155,0
15156,1
15157,0
201034,0
201035,0
201036,0
201037,0
201043,0
201044,0
15160,1
15163,0
201047,0
201048,0
201049,0
201050,0
15169,0
201051,1
201052,1
201053,1
201054,1
201055,1
201056,1
201057,0
201058,1
15171,0
15172,0
15173,1
15179,0
15174,0
15176,0
15177,1
15175,0
201059,0
4978,1
201062,0
201063,0
201065,0
201066,0
201070,0
201071,0
201072,0
201075,0
201077,0
201079,0
201081,0
201082,0
201083,1
201084,0
201085,0
201088,0
201090,0
201094,0
201096,0
201097,0
201100,0
201102,0
201103,0
201105,0
201107,0
201109,0
201112,0
201113,0
201114,0
201115,0
201116,0
201117,0
201118,0
201120,0
201121,0
201124,0
201125,0
201128,0
201129,0
201130,0
201131,0
201135,0
201138,0
201139,1
201141,0
201144,0
201145,0
201143,0
201146,0
201147,0
201150,0
201149,0
201148,0
15188,1
201151,1
15190,0
15191,0
201152,0
201154,0
201153,0
201155,0
15193,0
201156,0
201157,0
15198,0
15200,1
15201,0
201159,0
201158,0
201160,1
201161,0
15203,0
15206,0
201163,1
201164,0
201165,1
201166,0
201167,0
201168,0
15207,1
15208,0
15209,1
15210,0
201169,0
201170,0
201172,0
15214,0
15216,0
15218,0
15219,0
201174,0
201175,0
201177,1
201178,0
201179,1
201180,1
201181,1
201182,1
201183,1
201184,1
201185,1
201186,0
15226,1
201188,0
201189,0
201191,0
7642,0
201192,0
15229,0
15230,0
15231,0
201193,1
201194,0
15232,1
201195,0
201196,0
15236,1
15237,1
15238,1
15240,0
15242,0
11165,1
15247,0
15246,1
15239,0
15248,1
15249,0
15250,0
15253,0
15254,0
15255,0
8770,1
201199,0
201201,0
15256,0
15258,0
15260,1
15264,0
15265,1
15267,1
15269,0
15268,0
15259,1
15270,1
15273,1
15272,0
15271,1
15274,0
15275,0
15276,1
15278,0
15181,0
15280,0
15281,1
15282,1
15283,1
201202,1
15284,1
15286,1
15287,0
15291,0
15290,1
15289,0
15288,1
15293,0
15294,1
15297,0
15296,0
15295,0
15298,0
15300,0
15299,1
15301,0
15304,0
15305,0
15306,0
15307,0
15308,0
15311,1
15312,0
15313,0
15314,1
15315,0
15316,1
15317,1
15318,1
15319,0
15320,1
15324,0
15326,0
15328,1
15329,1
15330,1
15331,0
15333,0
200735,0
15334,1
15337,0
15338,0
15339,0
15340,1
15346,0
15348,1
201208,1
201209,1
15349,1
15351,1
15356,0
15360,0
15361,0
15362,1
15363,0
15357,1
15365,0
15366,0
15368,0
15369,1
15370,0
15371,0
15373,1
15374,0
15375,0
15376,0
15378,0
15380,1
15381,1
15382,0
15383,0
15384,0
15385,0
15386,1
15387,1
15388,1
15391,0
15394,1
15396,1
15397,1
15399,1
15401,0
15402,0
15403,0
201213,0
201214,0
15406,1
15407,1
12211,1
15408,1
15409,1
15410,1
15411,1
15412,0
15413,0
15414,1
15415,0
201216,0
201217,0
15416,1
15417,1
15435,1
15421,1
15422,1
15423,0
15424,0
201219,0
15425,1
15426,0
15428,0
201220,0
15430,0
15431,0
15432,0
15433,1
15427,0
15439,1
15440,1
15446,1
15449,1
15452,1
201222,0
15453,1
15454,0
15455,1
1,0
